{
 "variants": {
  "champion_estimator_py": {
   "flops_used": 27349512192.0,
   "wall_s": 0.41632513333752286,
   "backend_s": 0.3289145833526466,
   "overhead_s": 0.046192316707068436,
   "residual_s": 0.04121823327780779,
   "effective": 31471335519.780777
  },
  "inline_copy_of_champion": {
   "flops_used": 27349512192.0,
   "wall_s": 0.42033369999747566,
   "backend_s": 0.33239164998182485,
   "overhead_s": 0.04654425001111425,
   "residual_s": 0.0413978000045366,
   "effective": 31489292192.45366
  },
  "no_astype_f64": {
   "flops_used": 27347848192.0,
   "wall_s": 0.4132173500014081,
   "backend_s": 0.32592391665336135,
   "overhead_s": 0.046208800022820164,
   "residual_s": 0.041084633325226605,
   "effective": 31456311524.522655
  },
  "full_f32_chain": {
   "flops_used": 27351609344.0,
   "wall_s": 0.24200150000251597,
   "backend_s": 0.17365120000613388,
   "overhead_s": 0.04482359995745355,
   "residual_s": 0.02352670003892854,
   "effective": 29704279347.892853
  }
 },
 "sections": {
  "rng_draw": 0.019608733331551775,
  "astype": 0.0025980833355182162,
  "normalize": 0.003963083334383555,
  "layer_loop": 0.38945244999437517,
  "finalize": 0.000257133334040797
 }
}